johnkramer,defaultpass86,samanthagrant@example.com,John Baker,6,0
xyoung,defaultpass61,maureen72@example.net,Thomas Gonzalez,4,1
gutierrezmegan,defaultpass16,kimwebb@example.net,Dylan Jacobs,6,0
michael14,defaultpass62,xjackson@example.net,Anthony Gregory,1,1
rick23,defaultpass37,lsmith@example.org,Linda Burke,4,0
russell24,defaultpass24,oblake@example.org,Justin Allen,4,0
yrodriguez,defaultpass85,wonganna@example.org,Rachel Beasley,2,0
angelabernard,defaultpass55,chadosborne@example.com,Kelly Robinson,3,1
lindamiranda,defaultpass76,ricerobert@example.org,Chad Koch,5,1
jasonflores,defaultpass14,henryamber@example.org,Angela Edwards DVM,3,1
shannon36,defaultpass10,lparker@example.net,Mrs. Sherry Sweeney,1,0
christie86,defaultpass14,hansonamanda@example.com,Richard Anderson,4,0
scott06,defaultpass75,gloriamccarty@example.com,Christopher Brown,2,1
zadkins,defaultpass22,steven69@example.net,Jeffrey Mejia,3,1
andrewholt,defaultpass15,johnsonmichele@example.com,Gary Beck,3,1
jeffreysullivan,defaultpass58,zadkins@example.org,Chase Anderson,5,0
vgriffin,defaultpass44,williamsrobert@example.net,Amy Goodman,3,0
callahanjacob,defaultpass24,colemankelly@example.com,Randall Leon,1,1
uperkins,defaultpass97,hhorton@example.org,Elizabeth Garcia,4,0
smithvincent,defaultpass38,osbornevan@example.com,Brenda Jenkins,5,0
cking,defaultpass25,ashleyhernandez@example.com,Joshua Moore,4,1
corey70,defaultpass67,mitchellgerald@example.org,Daniel Schultz,2,1
csmith,defaultpass86,rrush@example.net,Randy Hernandez,3,0
huynhcassandra,defaultpass10,reyesthomas@example.net,Emily Rivera,6,1
catherinewells,defaultpass32,justinbarry@example.com,Jeffrey Pierce,5,0
bennettjulia,defaultpass30,jessicabrown@example.com,Michelle Glass,3,0
rbauer,defaultpass92,timothygreen@example.net,Julie Jordan,2,1
khoover,defaultpass52,rojasmarcus@example.net,Melinda Smith,5,1
stephaniebrooks,defaultpass75,jeanette62@example.com,Christopher Brooks,3,1
anne87,defaultpass59,vanessa23@example.org,Holly Young,6,0
uwilliams,defaultpass42,zwilliams@example.net,Charles Reynolds,5,0
gbrown,defaultpass95,monica16@example.com,Michael Moreno,4,0
wwells,defaultpass85,thomaslisa@example.com,George Schneider,1,1
charlesjonathan,defaultpass23,bradleywalker@example.net,Kelly Andrews,2,1
patriciagarrett,defaultpass80,harrisashley@example.net,Katie Wheeler,2,1
burnsjoe,defaultpass80,ehicks@example.net,Renee Garrett,5,1
justin50,defaultpass47,tamarahansen@example.org,Stephanie Bush,2,1
morenokristin,defaultpass68,janiceparker@example.net,Kathleen Ramos,6,0
angela44,defaultpass30,bvelazquez@example.org,Rachel Price,2,0
elizabethperkins,defaultpass10,ubrown@example.com,David Blake,1,1
lynn31,defaultpass23,jamiecopeland@example.com,Melissa Allen,4,1
tanyadrake,defaultpass84,ericpalmer@example.com,Catherine Ali,6,0
jchen,defaultpass44,courtneywolf@example.org,Megan Huynh,6,0
karen93,defaultpass52,john24@example.com,Brandon Taylor,1,1
mshields,defaultpass98,wwilliams@example.net,Brian Wagner,3,0
kevin54,defaultpass31,eric44@example.net,Christopher Watson,5,1
reedryan,defaultpass41,calebrodgers@example.net,Rachel Singh,6,1
amandaprice,defaultpass100,nathaniel43@example.net,Jackie Mcguire,1,0
lauriewolfe,defaultpass16,hamiltonmichael@example.net,Barbara Thomas,5,1
wgarcia,defaultpass54,cassandrachaney@example.com,Courtney Branch,3,0
sdaniel,defaultpass64,kristina09@example.com,Sarah Vance,4,1
david50,defaultpass67,morapatrick@example.net,Christopher Walker,4,1
coopervictor,defaultpass31,alexchapman@example.org,Kevin Shepherd,1,1
meyerkyle,defaultpass29,castilloannette@example.net,Eric Lopez,1,1
kimberly56,defaultpass64,benjamin73@example.com,Timothy Fuentes,1,1
schroedermario,defaultpass71,mhunter@example.net,Meghan Harris,2,1
lucas81,defaultpass100,vcarson@example.org,Justin Collier,6,0
sanchezdavid,defaultpass77,henry61@example.net,Anthony Johnson,5,0
jonathan33,defaultpass35,jonesbenjamin@example.com,Amy Valenzuela,4,0
margaretbest,defaultpass73,jeffreyhawkins@example.com,Mary Carroll,1,0
